Adjusted_ID,GPA_Fall ,Sex,Cohort ,Athlete_Team,Major_Fall,Total_Attendance,TW1_Attendance,Social_1,Emotional_1,Academic_1,Athletic_1,TW2_Attendance,Social_2,Emotional_2,Academic_2,Athletic_2,TW3_Attendance,Social_3,Emotional_3,Academic_3,Athletic_3,TW4_Attendance,Social_4,Emotional_4,Academic_4,Athletic_4
242501,3.6,1,3,Ice Hockey,2,2,1,5,4,2,4,1,5,4,4,4,0,NA,NA,NA,NA,0,NA,NA,NA,NA
242502,2.6,1,3,Lacrosse,2,2,1,5,5,5,5,0,NA,NA,NA,NA,1,2,2,2,2,0,NA,NA,NA,NA
242503,3.94,1,3,Track/Cross Country,2,4,1,5,4,5,4,1,5,4,5,5,1,5,5,5,5,1,5,4,5,5
242504,3.48,2,3,Softball,3,4,1,5,4,4,4,1,5,4,4,4,1,5,4,4,4,1,5,5,4,5
242505,2.91,1,3,Lacrosse,0,3,1,5,4,4,4,0,NA,NA,NA,NA,1,4,4,4,4,1,5,4,4,4
242506,3.04,1,3,Soccer,2,3,1,3,2,3,2,1,2,2,2,2,1,2,2,2,2,0,NA,NA,NA,NA
242507,2.52,1,3,Lacrosse,3,4,1,4,4,4,4,1,4,4,4,4,1,4,4,4,4,1,4,4,4,4
242508,3.93,1,3,Lacrosse,3,4,1,5,5,4,4,1,5,4,5,4,1,5,5,4,4,1,5,5,4,4
242509,3.75,1,3,Track/Cross Country,3,3,1,4,2,4,4,1,5,4,4,4,1,4,4,4,4,0,NA,NA,NA,NA
2425010,3.94,2,3,Volleyball,0,4,1,5,4,5,5,1,5,5,5,5,1,5,5,5,5,1,5,5,5,5
2425011,3.7,2,3,Golf,3,4,1,5,4,4,4,1,5,4,4,5,1,5,4,4,4,1,5,5,5,5
2425012,3.71,1,3,Track/Cross Country,1,4,1,4,4,3,5,1,4,4,3,4,1,4,4,4,5,1,4,4,4,5
2425013,3.67,2,3,Equestrian,0,4,1,2,2,2,2,1,4,4,4,4,1,2,4,4,4,1,4,4,4,4
2425014,3.45,1,3,Track/Cross Country,3,4,1,4,4,3,4,1,5,5,4,4,1,5,5,4,5,1,5,5,5,4
2425015,2.94,2,3,Equestrian,3,4,1,2,1,1,3,1,3,1,1,3,1,3,1,1,2,1,3,3,1,1
2425016,3.54,2,3,Swimming and Diving,3,4,1,4,4,4,4,1,4,4,4,4,1,4,4,4,4,1,2,4,4,4
2425017,3.37,2,3,Track/Cross Country,3,3,1,4,4,3,5,0,NA,NA,NA,NA,1,4,4,4,5,1,4,4,4,5
2425018,3.15,2,3,Track/Cross Country,2,4,1,5,5,4,5,1,5,4,4,4,1,5,5,4,4,1,5,4,4,4
2425019,3.92,2,3,Lacrosse,3,4,1,4,4,4,4,1,5,4,4,4,1,5,5,5,5,1,5,5,5,5
2425020,3.9,2,3,Field Hockey,3,4,1,4,2,2,1,1,4,4,1,4,1,3,2,2,2,1,2,2,4,3
2425021,3.57,1,3,Track/Cross Country,2,3,0,NA,NA,NA,NA,1,4,4,4,5,1,5,5,5,5,1,5,5,5,5
2425022,3,2,3,Lacrosse,1,4,1,5,4,4,4,1,5,5,4,5,1,5,5,4,4,1,5,5,4,4
2425023,3.85,2,3,Volleyball,1,1,1,5,5,4,2,0,NA,NA,NA,NA,0,NA,NA,NA,NA,0,NA,NA,NA,NA
2425024,2.67,2,3,Basketball,0,4,1,5,2,4,4,1,5,4,2,4,1,5,4,2,4,1,5,4,1,4
2425025,4,2,3,Basketball,3,4,1,5,4,4,5,1,5,5,5,5,1,5,5,5,5,1,5,5,5,4
2425026,3.09,2,3,Golf,3,3,1,4,3,2,5,1,5,4,2,5,0,NA,NA,NA,NA,1,5,5,4,5
2425027,2.5,1,3,Soccer,1,1,1,2,2,3,5,0,NA,NA,NA,NA,0,NA,NA,NA,NA,0,NA,NA,NA,NA
2425028,2.93,1,3,Track/Cross Country,0,4,1,5,5,2,2,1,4,4,4,4,1,5,5,4,4,1,5,5,4,5
2425029,3.78,2,3,Lacrosse,2,3,1,4,4,4,4,1,4,4,4,5,1,5,4,5,5,0,NA,NA,NA,NA
2425030,3.09,2,3,Lacrosse,1,4,1,2,2,2,4,1,4,4,4,5,1,4,4,4,4,1,4,4,4,4
2425031,2.92,2,3,Lacrosse,1,4,1,4,2,2,4,1,4,2,4,4,1,4,4,4,4,1,4,4,4,4
2425032,4,2,3,Swimming and Diving,1,3,1,5,4,4,4,1,4,4,4,4,0,NA,NA,NA,NA,1,5,5,4,4
2425033,4,2,3,Track/Cross Country,2,3,1,5,5,5,5,1,4,4,4,5,1,4,4,5,4,0,NA,NA,NA,NA
2425034,4,1,3,Track/Cross Country,2,3,1,4,4,4,4,1,4,4,4,4,0,NA,NA,NA,NA,1,4,4,4,4
2425035,3,1,3,Lacrosse,2,3,1,5,5,5,5,1,5,5,5,5,1,5,5,5,5,0,NA,NA,NA,NA
2425036,3.7,1,3,Swimming and Diving,3,3,1,5,5,5,5,1,5,5,4,5,0,NA,NA,NA,NA,1,5,4,4,4
2425037,3.93,2,3,Swimming and Diving,1,4,1,2,2,4,3,1,2,2,2,2,1,4,4,4,4,1,4,4,4,4
2425038,1.69,1,3,Basketball,0,3,1,4,2,1,4,1,5,2,1,5,0,NA,NA,NA,NA,1,4,5,2,4
2425039,3.41,2,3,Softball,1,3,1,5,4,2,3,1,4,3,2,2,1,4,4,3,4,0,NA,NA,NA,NA
2425040,4,2,3,Track/Cross Country,3,4,1,4,5,5,5,1,5,4,5,5,1,5,5,5,5,1,5,5,5,5
2425041,3.37,2,3,Field Hockey,0,3,1,4,4,2,4,1,4,5,4,4,0,NA,NA,NA,NA,1,5,5,4,4
2425042,3.55,2,3,Equestrian,0,3,1,2,4,4,4,1,2,4,4,4,0,NA,NA,NA,NA,1,2,2,4,4
2425043,3.91,2,3,Golf,1,4,1,4,4,4,4,1,5,5,4,5,1,5,5,4,5,1,5,5,5,5
2425044,2.88,1,3,Track/Cross Country,1,4,1,2,2,1,4,1,4,2,2,3,1,4,2,2,3,1,4,4,2,3
2425045,3.25,1,3,Basketball,2,2,0,NA,NA,NA,NA,0,NA,NA,NA,NA,1,4,4,4,4,1,4,4,4,4
2425046,3.52,2,3,Tennis,3,3,1,5,4,4,4,1,5,4,4,4,1,5,5,5,4,0,NA,NA,NA,NA
2425047,3.21,1,3,Soccer,2,1,1,4,4,4,4,0,NA,NA,NA,NA,0,NA,NA,NA,NA,0,NA,NA,NA,NA
2425048,3.02,2,3,Swimming and Diving,3,3,1,4,4,2,4,1,4,4,2,4,1,4,4,2,4,0,NA,NA,NA,NA
2425049,2.65,2,3,Tennis,0,4,1,4,4,4,4,1,4,4,3,4,1,2,2,2,4,1,2,2,2,2
2425050,2.79,1,3,Swimming and Diving,3,3,1,2,2,3,3,0,NA,NA,NA,NA,1,4,2,2,3,1,4,3,2,2
2425051,3.7,2,3,Track/Cross Country,1,1,1,4,4,4,4,0,NA,NA,NA,NA,0,NA,NA,NA,NA,0,NA,NA,NA,NA
2425052,3.83,2,3,Softball,3,4,1,4,4,4,4,1,4,5,5,5,1,4,4,5,4,1,4,4,5,4
2425053,4,1,3,Swimming and Diving,2,4,1,5,5,5,5,1,5,5,5,5,1,5,5,5,5,1,5,5,5,5
2425054,4,2,3,Track/Cross Country,0,4,1,4,2,2,4,1,4,4,4,4,1,5,5,4,4,1,5,5,4,4
2425055,3.65,1,3,Track/Cross Country,3,4,1,3,2,4,4,1,2,2,2,2,1,3,3,3,3,1,3,3,3,3
2425056,3.93,2,3,Soccer,0,3,1,4,3,3,4,1,4,2,4,3,1,4,4,4,4,0,NA,NA,NA,NA
2425057,2.44,2,3,Track/Cross Country,3,3,1,4,3,2,5,0,NA,NA,NA,NA,1,5,4,2,5,1,5,4,2,5
2425058,1,2,3,Field Hockey,3,3,1,5,3,3,3,1,3,2,2,4,1,5,3,2,3,0,NA,NA,NA,NA
2425059,3.15,2,3,Volleyball,3,3,1,5,4,4,4,0,NA,NA,NA,NA,1,5,5,5,5,1,5,5,5,5
2425060,2.25,2,3,Softball,3,2,1,5,4,4,5,1,5,4,4,5,0,NA,NA,NA,NA,0,NA,NA,NA,NA
2425061,2.64,2,3,Lacrosse,3,3,1,4,4,2,4,1,4,4,2,4,1,2,2,4,2,0,NA,NA,NA,NA
2425062,3.63,2,3,Swimming and Diving,3,3,1,5,4,3,5,1,5,4,4,4,1,5,4,3,4,0,NA,NA,NA,NA
2425063,4,2,3,Soccer,1,2,0,NA,NA,NA,NA,1,5,4,5,4,0,NA,NA,NA,NA,1,4,4,5,4
2425064,3.53,2,3,Softball,3,4,1,4,4,4,4,1,4,4,4,4,1,4,4,4,4,1,4,4,4,4
2425065,3.76,2,3,Equestrian,2,2,0,NA,NA,NA,NA,1,4,5,5,5,1,4,4,4,4,0,NA,NA,NA,NA
2425066,4,2,3,Tennis,3,4,1,5,5,4,5,1,5,4,4,4,1,5,5,5,4,1,5,5,4,4
2425067,3.28,2,3,Lacrosse,1,4,1,4,4,4,4,1,4,4,4,4,1,5,5,5,5,1,5,5,5,5
2425068,2.88,1,3,Track/Cross Country,3,3,1,4,4,3,5,1,5,5,4,5,1,4,4,4,5,0,NA,NA,NA,NA
2425069,3.44,1,3,Lacrosse,2,4,1,4,4,4,5,1,4,4,4,4,1,4,4,4,5,1,5,5,5,5
2425070,2.63,1,3,Lacrosse,2,2,1,5,5,4,5,0,NA,NA,NA,NA,1,5,5,2,5,0,NA,NA,NA,NA
2425071,3.33,2,3,Field Hockey,3,4,1,2,2,2,4,1,4,4,2,4,1,4,4,2,4,1,4,2,2,2
2425072,3.51,2,3,Track/Cross Country,0,4,1,4,5,5,5,1,5,5,5,5,1,5,5,4,5,1,5,5,5,5
2425073,3.57,1,3,Track/Cross Country,2,4,1,4,5,4,5,1,4,4,4,5,1,5,5,5,5,1,5,5,5,5
2425074,2.67,1,3,Track/Cross Country,0,3,1,4,4,3,4,1,4,4,3,4,1,4,4,4,4,0,NA,NA,NA,NA
2425075,3.93,2,3,Volleyball,1,2,1,4,2,2,2,0,NA,NA,NA,NA,0,NA,NA,NA,NA,1,4,4,5,4
2425076,3.22,2,3,Soccer,3,3,1,4,4,4,4,1,4,4,4,4,1,4,4,4,4,0,NA,NA,NA,NA
2425077,3.42,2,3,Track/Cross Country,3,2,1,4,4,4,5,1,4,4,4,4,0,NA,NA,NA,NA,0,NA,NA,NA,NA
2425078,3.78,1,3,Lacrosse,2,4,1,5,5,5,5,1,5,5,5,5,1,5,5,5,5,1,5,5,5,5
2425079,3.92,2,3,Lacrosse,3,4,1,2,2,2,2,1,4,4,4,4,1,5,4,5,4,1,5,4,4,4
2425080,2.51,2,3,Lacrosse,1,4,1,4,4,4,4,1,4,4,4,4,1,4,4,4,4,1,4,4,4,4
2425081,3.63,2,3,Soccer,3,3,1,4,5,2,4,1,4,4,2,4,1,4,4,4,4,0,NA,NA,NA,NA
2425082,3.12,1,3,Lacrosse,2,3,1,4,4,4,5,1,4,4,4,4,1,5,5,4,5,0,NA,NA,NA,NA
2425083,3.37,1,3,Lacrosse,2,2,1,4,4,4,4,0,NA,NA,NA,NA,1,5,5,5,5,0,NA,NA,NA,NA
2425084,3.48,1,3,Track/Cross Country,3,4,1,2,4,2,5,1,2,4,2,4,1,4,4,2,4,1,4,4,4,5
2425085,3.76,1,3,Track/Cross Country,3,4,1,4,4,4,4,1,4,4,4,4,1,4,4,4,4,1,4,4,4,4
2425086,3.32,1,3,Swimming and Diving,3,4,1,5,5,2,4,1,5,5,4,4,1,5,4,3,5,1,5,4,4,5
2425087,3.31,1,3,Swimming and Diving,2,4,1,5,5,5,5,1,5,5,5,5,1,5,5,5,5,1,5,5,5,5
2425088,2.64,2,3,Soccer,1,0,0,NA,NA,NA,NA,0,NA,NA,NA,NA,0,NA,NA,NA,NA,0,NA,NA,NA,NA
2425089,2.61,2,3,Field Hockey,3,2,1,4,4,3,2,1,4,4,3,2,0,NA,NA,NA,NA,0,NA,NA,NA,NA
2425090,3.35,2,3,Track/Cross Country,0,4,1,4,4,4,4,1,5,5,5,4,1,4,4,4,4,1,5,5,5,5
2425091,2.93,2,3,Field Hockey,2,3,1,4,4,3,4,1,5,4,2,4,1,4,4,2,4,0,NA,NA,NA,NA
2425092,3.66,1,3,Track/Cross Country,3,4,1,5,4,3,2,1,4,5,4,4,1,5,4,4,4,1,5,5,4,4
2425093,3.36,1,3,Swimming and Diving,2,1,1,5,4,1,4,0,NA,NA,NA,NA,0,NA,NA,NA,NA,0,NA,NA,NA,NA
2425094,3.02,2,3,Track/Cross Country,3,2,1,4,4,4,4,1,4,4,4,4,0,NA,NA,NA,NA,0,NA,NA,NA,NA
2425095,2.92,2,3,Soccer,3,4,1,5,5,5,5,1,5,5,4,5,1,5,5,4,5,1,5,5,5,5
2425096,3.22,1,3,Track/Cross Country,2,2,0,NA,NA,NA,NA,1,5,5,4,5,1,5,5,4,4,0,NA,NA,NA,NA
2425097,2.91,2,3,Swimming and Diving,3,3,1,5,4,4,4,1,5,4,2,4,1,4,4,2,4,0,NA,NA,NA,NA
2425098,2.62,1,3,Track/Cross Country,3,4,1,5,5,4,5,1,5,5,4,5,1,5,5,2,5,1,5,5,2,4
2425099,3.15,2,3,Lacrosse,2,4,1,4,4,2,4,1,5,5,4,4,1,5,5,3,4,1,5,5,5,5
24250100,3.46,1,3,Swimming and Diving,2,3,1,2,3,4,4,1,3,2,2,2,1,3,3,3,3,0,NA,NA,NA,NA
24250101,3.21,2,3,Track/Cross Country,3,3,1,4,4,2,4,1,4,4,4,4,1,4,4,2,1,0,NA,NA,NA,NA
24250102,2.43,1,3,Lacrosse,2,3,1,4,4,3,4,1,4,4,4,4,1,4,4,2,4,0,NA,NA,NA,NA
24250103,3.15,2,3,Field Hockey,3,4,1,2,2,4,2,1,1,2,2,2,1,1,2,2,2,1,4,4,4,4
24250104,4,2,3,Swimming and Diving,3,4,1,4,2,2,4,1,4,2,4,4,1,4,2,4,4,1,4,4,4,4
24250105,2.9,1,3,Track/Cross Country,2,4,1,5,4,5,5,1,5,5,4,5,1,5,5,5,5,1,5,5,5,5
24250106,3.84,2,3,Track/Cross Country,1,4,1,4,4,4,4,1,5,4,4,4,1,4,4,4,4,1,5,4,4,4
24250107,2.61,2,3,Track/Cross Country,1,3,1,4,4,4,4,1,5,5,5,5,1,5,5,5,5,0,NA,NA,NA,NA
24250108,3.58,2,3,Track/Cross Country,2,4,1,4,4,4,4,1,4,4,4,4,1,5,5,5,5,1,5,5,5,5
24250109,2.48,1,3,Track/Cross Country,1,3,1,4,4,2,4,0,NA,NA,NA,NA,1,4,2,2,2,1,2,2,2,2
24250110,3.07,1,3,Lacrosse,3,3,1,5,5,5,5,1,4,4,4,4,1,5,5,5,5,0,NA,NA,NA,NA
24250111,1.82,2,3,Lacrosse,3,3,1,5,4,4,2,1,5,4,4,4,1,5,4,4,3,0,NA,NA,NA,NA
24250112,3.58,1,3,Ice Hockey,2,4,1,4,4,4,4,1,4,4,4,4,1,4,4,4,4,1,4,4,4,4
24250113,3.3,2,3,Field Hockey,0,3,1,4,2,3,2,1,5,4,4,5,0,NA,NA,NA,NA,1,4,4,2,4
24250114,2.54,2,3,Swimming and Diving,3,2,1,5,5,5,5,0,NA,NA,NA,NA,1,4,4,4,4,0,NA,NA,NA,NA
24250115,2.07,1,3,Basketball,2,4,1,4,4,4,4,1,4,4,2,4,1,4,4,2,4,1,4,4,2,4
24250116,3.95,2,3,Equestrian,3,4,1,2,2,2,2,1,2,2,2,2,1,4,4,4,4,1,4,4,4,2
24250117,2.65,1,3,Lacrosse,1,1,1,5,5,4,4,0,NA,NA,NA,NA,0,NA,NA,NA,NA,0,NA,NA,NA,NA
24250118,3.46,2,3,Basketball,1,4,1,4,5,4,5,1,4,5,4,4,1,5,5,3,4,1,5,5,4,4
24250119,1.66,1,3,Lacrosse,1,0,0,NA,NA,NA,NA,0,NA,NA,NA,NA,0,NA,NA,NA,NA,0,NA,NA,NA,NA
24250120,3.76,2,3,Tennis,2,4,1,4,4,4,4,1,4,4,4,4,1,4,4,4,4,1,4,4,4,4
24250121,2.47,1,3,Ice Hockey,0,4,1,2,2,2,4,1,2,2,2,4,1,4,4,3,4,1,2,2,2,2
24250122,3.09,1,3,Basketball,3,4,1,4,5,4,4,1,5,5,4,5,1,5,5,5,5,1,5,5,5,5
24250123,2.84,1,3,Soccer,2,4,1,3,3,2,3,1,2,4,4,4,1,4,4,4,4,1,2,2,2,2
24250124,2.88,1,3,Soccer,2,4,1,4,4,2,4,1,5,5,3,4,1,2,2,2,2,1,5,5,5,5
24250125,4,1,3,Ice Hockey,2,4,1,4,5,4,4,1,4,4,4,4,1,4,4,4,4,1,4,4,4,4
24250126,2.09,1,3,Swimming and Diving,2,3,1,4,4,4,5,1,4,4,4,4,1,5,5,4,4,0,NA,NA,NA,NA
24250127,3.68,1,3,Ice Hockey,0,4,1,4,4,4,4,1,4,4,4,4,1,4,4,4,4,1,5,4,4,4
24250128,3.91,2,3,Track/Cross Country,3,2,1,4,4,4,5,1,4,3,4,5,0,NA,NA,NA,NA,0,NA,NA,NA,NA
24250129,3.21,1,3,Lacrosse,2,2,1,5,4,4,4,0,NA,NA,NA,NA,1,5,5,4,5,0,NA,NA,NA,NA
24250130,2.78,1,3,Swimming and Diving,0,4,1,2,2,2,4,1,4,4,4,4,1,4,3,3,4,1,3,3,3,3
24250131,3.25,1,3,Ice Hockey,0,2,1,5,5,1,4,0,NA,NA,NA,NA,1,4,4,2,4,0,NA,NA,NA,NA
24250132,3.23,2,3,Volleyball,1,1,1,4,4,4,4,0,NA,NA,NA,NA,0,NA,NA,NA,NA,0,NA,NA,NA,NA
24250133,3.02,2,3,Basketball,0,3,1,2,4,2,4,0,NA,NA,NA,NA,1,4,4,2,4,1,4,4,4,4
24250134,1.17,2,3,Volleyball,1,1,1,4,2,2,4,0,NA,NA,NA,NA,0,NA,NA,NA,NA,0,NA,NA,NA,NA
24250135,3.35,1,3,Ice Hockey,2,4,1,4,2,2,4,1,4,4,2,4,1,4,4,4,4,1,4,4,2,4
24250136,3.11,1,3,Track/Cross Country,3,4,1,4,4,4,4,1,4,4,4,4,1,4,4,4,4,1,4,4,4,4
24250137,3.21,1,3,Ice Hockey,0,2,0,NA,NA,NA,NA,0,NA,NA,NA,NA,1,4,4,4,4,1,4,4,4,5
24250138,2.96,2,3,Soccer,3,2,1,2,2,2,2,0,NA,NA,NA,NA,0,NA,NA,NA,NA,1,2,2,2,2
24250139,3.46,1,3,Ice Hockey,0,4,1,4,4,2,4,1,4,4,4,3,1,4,4,4,2,1,4,4,4,4
24250140,3.76,1,3,Ice Hockey,2,3,1,4,4,4,4,1,4,5,4,4,1,5,5,5,4,0,NA,NA,NA,NA
24250141,3.26,1,3,Ice Hockey,0,4,1,4,4,4,4,1,4,4,2,4,1,4,4,2,4,1,4,4,4,4
24250142,3.86,2,3,Lacrosse,3,4,1,4,4,2,3,1,4,4,4,4,1,2,2,2,2,1,4,4,4,4
24250143,NA,2,3,Softball,3,0,0,NA,NA,NA,NA,0,NA,NA,NA,NA,0,NA,NA,NA,NA,0,NA,NA,NA,NA
232401,3.41,2,2,Track/Cross Country,3,4,1,4,4,4,4,1,4,4,2,4,1,4,4,4,5,1,4,4,4,4
232402,1.54,1,2,Lacrosse,1,2,1,2,3,3,5,1,1,1,2,4,0,NA,NA,NA,NA,0,NA,NA,NA,NA
232403,3.46,2,2,Softball,3,4,1,4,4,4,5,1,4,5,4,5,1,4,2,2,4,1,5,4,4,5
232404,3.26,1,2,Swimming and Diving,2,4,1,5,5,4,4,1,5,5,5,5,1,5,5,4,5,1,5,5,4,5
232405,3.41,2,2,Softball,3,4,1,4,4,4,4,1,5,5,5,5,1,5,5,5,5,1,5,5,5,5
232406,3.68,2,2,Track/Cross Country,2,3,1,2,4,4,5,1,4,4,4,5,0,NA,NA,NA,NA,1,4,4,2,4
232407,3.64,1,2,Swimming and Diving,3,4,1,4,2,4,4,1,4,4,4,2,1,4,4,4,4,1,4,2,4,2
232408,3.86,2,2,Track/Cross Country,0,2,1,2,4,4,4,1,4,4,2,4,0,NA,NA,NA,NA,0,NA,NA,NA,NA
232409,3.79,2,2,Field Hockey,3,4,1,4,4,5,4,1,5,4,5,4,1,5,5,5,4,1,5,5,5,4
2324010,3.36,1,2,Track/Cross Country,3,4,1,2,4,2,4,1,4,4,4,4,1,4,4,4,4,1,4,4,4,5
2324011,4,2,2,Softball,3,4,1,4,2,4,2,1,4,4,4,4,1,5,4,5,4,1,5,4,5,4
2324012,4,2,2,Basketball,3,4,1,2,4,4,3,1,4,4,4,4,1,4,4,4,4,1,4,4,4,4
2324013,1.8,1,2,Track/Cross Country,3,3,1,4,4,2,4,1,4,5,2,5,1,2,2,2,5,0,NA,NA,NA,NA
2324014,3.82,1,2,Track/Cross Country,1,3,1,5,4,4,4,1,4,2,2,2,0,NA,NA,NA,NA,1,2,3,3,3
2324015,3.46,2,2,Track/Cross Country,2,3,1,4,4,4,4,1,4,4,2,4,0,NA,NA,NA,NA,1,4,4,4,4
2324016,3.11,2,2,Track/Cross Country,0,4,1,4,4,4,4,1,4,4,2,1,1,5,5,4,2,1,5,4,2,2
2324017,3.47,2,2,Track/Cross Country,3,4,1,4,2,2,4,1,4,2,2,2,1,5,4,2,2,1,5,4,2,4
2324018,2.35,1,2,Lacrosse,1,3,1,5,5,5,5,0,NA,NA,NA,NA,1,5,5,4,4,1,5,5,2,4
2324019,3.6,2,2,Soccer,0,4,1,4,4,3,4,1,4,4,2,4,1,4,4,2,4,1,5,4,4,4
2324020,3.09,1,2,Soccer,0,3,1,5,4,4,4,1,2,2,2,2,1,4,4,4,4,0,NA,NA,NA,NA
2324021,3.32,1,2,Lacrosse,2,2,1,5,5,5,5,1,5,5,1,5,0,NA,NA,NA,NA,0,NA,NA,NA,NA
2324022,3,1,2,Lacrosse,2,2,1,5,4,4,4,1,,,,,0,NA,NA,NA,NA,0,NA,NA,NA,NA
2324023,2.75,1,2,Swimming and Diving,2,4,1,4,4,4,4,1,5,4,4,4,1,5,5,4,5,1,5,5,5,5
2324024,2.7,1,2,Basketball,0,4,1,4,4,2,4,1,4,4,2,4,1,2,2,2,2,1,4,4,2,2
2324025,3.82,1,2,Track/Cross Country,3,3,1,2,2,4,5,1,2,2,2,4,0,NA,NA,NA,NA,1,2,2,2,2
2324026,4,2,2,Soccer,3,2,1,4,4,4,4,0,NA,NA,NA,NA,0,NA,NA,NA,NA,1,5,5,5,5
2324027,3.39,2,2,Soccer,3,3,1,5,4,2,2,1,5,4,2,2,1,5,4,4,2,0,NA,NA,NA,NA
2324028,2.25,2,2,Swimming and Diving,3,4,1,2,2,4,4,1,4,2,4,5,1,4,4,4,4,1,4,4,4,4
2324029,2.9,1,2,Swimming and Diving,2,4,1,4,4,4,4,1,4,4,4,4,1,4,4,4,4,1,4,4,4,4
2324030,3.57,2,2,Volleyball,2,4,1,4,2,2,2,1,4,4,4,4,1,4,4,4,4,1,5,5,4,5
2324031,3.91,1,2,Track/Cross Country,3,4,1,5,4,4,5,1,4,4,4,5,1,4,4,4,5,1,4,4,4,4
2324032,2,1,2,Swimming and Diving,2,3,1,5,4,4,5,1,5,5,4,5,1,4,4,4,5,0,NA,NA,NA,NA
2324033,3.9,2,2,Volleyball,3,3,1,3,2,2,2,1,2,2,4,4,1,2,2,2,2,0,NA,NA,NA,NA
2324034,2.9,2,2,Softball,3,3,1,4,4,1,4,0,NA,NA,NA,NA,1,4,4,4,4,1,4,4,4,4
2324035,1.33,1,2,Track/Cross Country,2,1,1,2,4,4,4,0,NA,NA,NA,NA,0,NA,NA,NA,NA,0,NA,NA,NA,NA
2324036,3.12,2,2,Lacrosse,2,3,1,2,2,3,2,1,4,4,4,4,1,5,4,4,4,0,NA,NA,NA,NA
2324037,3.94,2,2,Track/Cross Country,3,4,1,4,4,4,4,1,4,4,4,1,1,4,4,4,4,1,5,5,5,4
2324038,2.64,2,2,Soccer,2,1,1,4,4,4,4,0,NA,NA,NA,NA,0,NA,NA,NA,NA,0,NA,NA,NA,NA
2324039,3.43,1,2,Track/Cross Country,3,4,1,4,4,4,4,1,4,4,2,4,1,4,4,4,4,1,2,2,2,2
2324040,3.46,1,2,Lacrosse,2,4,1,5,5,5,5,1,5,5,5,5,1,5,5,5,5,1,5,5,5,5
2324041,2.54,2,2,Soccer,0,1,1,4,4,4,4,0,NA,NA,NA,NA,0,NA,NA,NA,NA,0,NA,NA,NA,NA
2324042,3.56,2,2,Soccer,2,4,1,4,4,4,4,1,5,5,4,5,1,5,4,4,4,1,5,5,4,4
2324043,3.86,2,2,Tennis,3,4,1,5,5,4,5,1,5,5,5,5,1,5,5,5,5,1,5,5,4,4
2324044,3.07,2,2,Swimming and Diving,0,4,1,2,2,2,4,1,2,2,2,4,1,4,4,4,5,1,4,4,4,4
2324045,3.6,1,2,Soccer,2,1,1,4,4,4,4,0,NA,NA,NA,NA,0,NA,NA,NA,NA,0,NA,NA,NA,NA
2324046,3.3,1,2,Ice Hockey,2,4,1,5,5,4,5,1,5,5,5,5,1,5,5,5,5,1,5,5,5,5
2324047,2.67,1,2,Lacrosse,3,4,1,4,4,3,3,1,4,4,2,2,1,2,4,2,4,1,4,4,2,4
2324048,3.09,2,2,Volleyball,0,4,1,5,4,2,4,1,5,5,2,4,1,4,4,4,4,1,5,5,4,4
2324049,3.45,2,2,Soccer,3,4,1,4,2,2,4,1,4,4,2,2,1,4,2,2,2,1,5,4,2,4
2324050,0.5,1,2,Ice Hockey,3,4,1,2,2,2,2,1,2,2,2,2,1,2,1,1,2,1,2,2,2,1
2324051,3.52,1,2,Track/Cross Country,2,4,1,4,4,4,5,1,4,5,4,5,1,5,4,4,5,1,4,4,4,4
2324052,2.82,2,2,Track/Cross Country,3,3,1,5,4,4,5,1,5,5,4,5,1,5,5,4,5,0,NA,NA,NA,NA
2324053,3.7,2,2,Track/Cross Country,3,3,1,4,2,2,4,1,4,4,2,4,1,4,4,2,5,0,NA,NA,NA,NA
2324054,3.53,2,2,Softball,1,1,1,5,4,4,4,0,NA,NA,NA,NA,0,NA,NA,NA,NA,0,NA,NA,NA,NA
2324055,3.57,1,2,Track/Cross Country,1,4,1,4,4,3,4,1,4,4,1,2,1,4,4,2,2,1,4,4,2,3
2324056,3.94,2,2,Swimming and Diving,3,4,1,4,2,2,2,1,4,1,4,1,1,2,2,4,2,1,2,3,4,2
2324057,1.37,2,2,Volleyball,3,4,1,4,4,3,4,1,4,4,2,4,1,2,2,2,2,1,4,4,4,4
2324058,3.55,1,2,Basketball,0,1,1,5,4,5,5,0,NA,NA,NA,NA,0,NA,NA,NA,NA,0,NA,NA,NA,NA
2324059,3.08,2,2,Lacrosse,3,3,1,5,5,3,5,0,NA,NA,NA,NA,1,5,5,4,5,1,5,5,4,5
2324060,3.71,2,2,Field Hockey,3,4,1,4,2,4,4,1,5,4,4,4,1,5,5,5,4,1,5,4,4,4
2324061,3.23,1,2,Soccer,2,3,1,4,4,3,3,1,4,4,4,2,0,NA,NA,NA,NA,1,4,4,4,4
2324062,3.49,2,2,Field Hockey,3,4,1,4,4,4,4,1,4,4,4,4,1,5,4,4,4,1,5,4,4,4
2324063,2.74,2,2,Equestrian,3,4,1,5,4,5,5,1,4,4,4,4,1,4,4,4,4,1,4,4,4,4
2324064,3.44,2,2,Volleyball,1,2,1,5,4,2,4,1,4,4,2,2,0,NA,NA,NA,NA,0,NA,NA,NA,NA
2324065,2.9,1,2,Basketball,2,2,1,4,4,2,4,1,4,4,2,5,0,NA,NA,NA,NA,0,NA,NA,NA,NA
2324066,2.86,1,2,Soccer,2,3,1,4,4,4,4,1,4,4,4,4,1,4,4,4,4,0,NA,NA,NA,NA
2324067,3.28,2,2,Swimming and Diving,3,4,1,4,4,4,4,1,4,2,2,4,1,4,4,4,4,1,4,4,4,5
2324068,3.1,2,2,Basketball,3,2,1,4,4,4,4,0,NA,NA,NA,NA,0,NA,NA,NA,NA,1,4,3,4,4
2324069,3.11,1,2,Swimming and Diving,2,1,1,4,4,4,3,0,NA,NA,NA,NA,0,NA,NA,NA,NA,0,NA,NA,NA,NA
2324070,2.91,2,2,Lacrosse,2,3,1,2,1,1,2,1,2,2,2,2,1,2,1,4,4,0,NA,NA,NA,NA
2324071,1.85,1,2,Track/Cross Country,2,4,1,5,5,4,4,1,5,5,2,5,1,5,5,4,5,1,5,5,4,4
2324072,2.87,1,2,Swimming and Diving,0,4,1,5,5,2,4,1,5,5,4,5,1,5,5,5,5,1,5,5,5,5
2324073,3.12,2,2,Track/Cross Country,1,4,1,5,4,4,4,1,4,4,4,4,1,4,4,4,4,1,5,4,4,5
2324074,2.95,2,2,Field Hockey,1,1,1,5,4,2,4,0,NA,NA,NA,NA,0,NA,NA,NA,NA,0,NA,NA,NA,NA
2324075,2.42,2,2,Soccer,2,1,1,5,4,2,4,0,NA,NA,NA,NA,0,NA,NA,NA,NA,0,NA,NA,NA,NA
2324076,3.24,2,2,Volleyball,3,4,1,4,4,3,4,1,4,4,4,4,1,4,2,2,4,1,4,4,4,4
2324077,3.34,1,2,Soccer,2,4,1,5,5,5,5,1,5,5,5,5,1,5,5,5,5,1,5,5,5,5
2324078,3.51,2,2,Lacrosse,1,3,1,5,5,5,5,1,5,5,5,5,1,5,5,5,5,0,NA,NA,NA,NA
2324079,3.9,2,2,Track/Cross Country,3,3,1,2,4,4,4,1,4,4,4,4,0,NA,NA,NA,NA,1,4,4,4,4
2324080,3.33,2,2,Lacrosse,3,4,1,4,4,3,4,1,4,4,4,4,1,4,4,4,4,1,4,2,4,4
2324081,3.33,1,2,Lacrosse,2,3,1,5,5,5,5,1,5,5,2,4,0,NA,NA,NA,NA,1,5,5,2,4
2324082,3.52,2,2,Track/Cross Country,3,1,1,2,2,3,4,0,NA,NA,NA,NA,0,NA,NA,NA,NA,0,NA,NA,NA,NA
2324083,2.34,1,2,Lacrosse,2,4,1,3,3,2,3,1,1,4,2,2,1,4,4,2,4,1,2,5,2,2
2324084,3.54,2,2,Soccer,1,3,1,4,4,4,4,1,4,4,4,4,0,NA,NA,NA,NA,1,4,4,4,4
2324085,3.2,1,2,Track/Cross Country,1,4,1,4,5,4,5,1,5,4,4,4,1,5,5,5,5,1,4,4,4,4
2324086,3.18,1,2,Basketball,0,3,1,5,4,4,4,0,NA,NA,NA,NA,1,5,5,2,2,1,5,5,4,4
2324087,2.2,1,2,Ice Hockey,2,4,1,4,5,4,5,1,4,4,2,5,1,5,5,4,5,1,5,5,4,5
2324088,2.3,1,2,Track/Cross Country,1,4,1,4,4,3,5,1,5,4,4,4,1,5,4,4,4,1,5,4,2,5
2324089,3.75,2,2,Track/Cross Country,3,4,1,4,3,2,3,1,4,2,2,4,1,4,4,2,4,1,4,3,4,5
2324090,2.75,1,2,Swimming and Diving,2,3,1,5,4,3,5,1,5,4,4,5,1,5,4,4,4,0,NA,NA,NA,NA
2324091,3.94,2,2,Track/Cross Country,2,4,1,4,4,4,4,1,5,5,4,4,1,5,5,4,5,1,5,5,5,5
2324092,3.31,1,2,Swimming and Diving,3,3,1,5,5,5,5,1,5,5,2,1,0,NA,NA,NA,NA,1,5,5,4,3
2324093,2.57,2,2,Track/Cross Country,1,1,1,1,2,4,4,0,NA,NA,NA,NA,0,NA,NA,NA,NA,0,NA,NA,NA,NA
2324094,2.88,1,2,Lacrosse,2,3,1,5,5,4,4,1,4,4,4,4,0,NA,NA,NA,NA,1,4,4,4,4
2324095,3.44,2,2,Field Hockey,3,3,1,4,4,4,4,1,4,4,4,2,1,4,4,4,4,0,NA,NA,NA,NA
2324096,4,2,2,Track/Cross Country,2,1,1,5,4,4,4,0,NA,NA,NA,NA,0,NA,NA,NA,NA,0,NA,NA,NA,NA
2324097,2.3,1,2,Track/Cross Country,2,3,1,5,5,4,4,1,4,4,4,4,0,NA,NA,NA,NA,1,4,5,4,5
2324098,2.71,1,2,Swimming and Diving,3,4,1,4,4,2,4,1,5,5,4,5,1,2,2,2,2,1,4,4,4,4
2324099,1.84,1,2,Ice Hockey,2,2,1,3,3,3,3,1,5,5,5,5,0,NA,NA,NA,NA,0,NA,NA,NA,NA
23240100,3.7,1,2,Basketball,0,4,1,5,5,4,5,1,5,5,5,5,1,5,5,5,5,1,5,5,5,5
23240101,3.17,1,2,Lacrosse,2,2,1,4,4,4,4,1,5,4,4,5,0,NA,NA,NA,NA,0,NA,NA,NA,NA
23240102,3.57,2,2,Softball,3,4,1,5,5,4,4,1,5,4,4,4,1,5,5,5,5,1,5,5,5,5
23240103,3.76,2,2,Lacrosse,3,4,1,5,4,4,4,1,4,4,4,4,1,5,4,4,4,1,5,4,4,4
23240104,3.2,2,2,Tennis,2,4,1,2,2,2,4,1,2,4,4,5,1,2,2,2,2,1,2,2,4,2
23240105,3.6,1,2,Basketball,2,4,1,5,4,4,5,1,5,4,4,4,1,5,4,4,4,1,4,4,4,4
23240106,3.58,2,2,Lacrosse,1,4,1,4,4,4,4,1,4,4,4,4,1,5,4,4,4,1,5,5,4,5
23240107,3.57,2,2,Tennis,3,4,1,4,4,3,4,1,4,1,2,4,1,4,4,4,4,1,4,4,4,4
23240108,2.54,2,2,Softball,3,4,1,4,4,4,4,1,4,4,4,4,1,4,4,4,4,1,4,4,4,4
23240109,3.73,2,2,Lacrosse,3,4,1,4,4,3,4,1,5,5,5,5,1,5,5,5,5,1,5,5,5,5
23240110,3.78,1,2,Track/Cross Country,3,4,1,4,2,2,2,1,4,4,2,4,1,4,4,2,2,1,4,4,4,2
23240111,3.26,2,2,Swimming and Diving,3,4,1,5,4,5,5,1,4,4,4,4,1,5,5,4,4,1,5,5,4,4
23240112,3.35,2,2,Field Hockey,3,4,1,4,3,2,2,1,4,2,1,4,1,4,4,4,4,1,4,4,4,4
23240113,1.08,2,2,Field Hockey,2,4,1,4,3,2,4,1,4,2,2,2,1,2,2,2,2,1,2,2,2,2
23240114,3.47,2,2,Softball,3,4,1,4,4,4,4,1,4,4,4,4,1,4,4,4,4,1,4,4,4,4
23240115,3.12,1,2,Track/Cross Country,3,4,1,5,5,5,5,1,5,4,4,4,1,5,5,4,4,1,5,5,4,5
23240116,2.85,2,2,Swimming and Diving,3,4,1,5,5,4,5,1,5,5,4,5,1,4,4,4,5,1,5,5,4,5
23240117,2.77,2,2,Swimming and Diving,3,4,1,5,5,5,5,1,4,4,4,4,1,5,5,5,5,1,5,5,5,5
23240118,3.64,1,2,Swimming and Diving,2,3,1,5,5,4,5,0,NA,NA,NA,NA,1,5,5,4,5,1,5,5,5,5
23240119,3.53,2,2,Basketball,1,3,1,2,4,4,4,1,4,4,4,4,0,NA,NA,NA,NA,1,4,4,5,4
23240120,3.39,1,2,Track/Cross Country,3,4,1,2,4,3,5,1,4,5,4,5,1,4,4,5,5,1,4,4,4,5
23240121,3.75,2,2,Swimming and Diving,3,4,1,4,4,4,4,1,4,4,2,2,1,4,4,4,4,1,4,4,4,4
23240122,3.93,1,2,Ice Hockey,2,4,1,2,3,2,3,1,2,4,2,4,1,4,4,4,4,1,2,2,2,2
23240123,2.13,2,2,Track/Cross Country,3,4,1,2,3,2,4,1,2,2,2,4,1,2,2,4,4,1,2,3,2,4
23240124,3.83,1,2,Track/Cross Country,2,3,1,4,4,4,5,1,4,4,2,4,0,NA,NA,NA,NA,1,4,4,4,5
23240125,3.87,2,2,Track/Cross Country,3,4,1,4,4,4,2,1,4,5,4,4,1,4,4,2,2,1,2,4,2,4
23240126,2.08,1,2,Track/Cross Country,3,4,1,5,2,4,2,1,4,4,4,2,1,4,4,4,2,1,5,2,2,2
23240127,3.05,1,2,Track/Cross Country,1,4,1,5,4,4,4,1,4,4,4,4,1,5,5,4,5,1,5,5,5,5
23240128,3.52,1,2,Soccer,3,3,1,3,4,2,4,0,NA,NA,NA,NA,1,4,4,4,4,1,4,4,4,4
23240129,3.34,2,2,Lacrosse,2,2,1,4,4,4,4,0,NA,NA,NA,NA,0,NA,NA,NA,NA,1,4,4,4,4
23240130,1.62,1,2,Track/Cross Country,3,3,1,5,5,4,4,1,5,5,1,4,0,NA,NA,NA,NA,1,5,4,4,4
23240131,2.98,2,2,Track/Cross Country,1,4,1,3,3,4,4,1,4,4,4,4,1,4,4,4,4,1,4,4,4,4
23240132,3.78,1,2,Ice Hockey,3,2,1,4,5,4,5,1,4,5,4,5,0,NA,NA,NA,NA,0,NA,NA,NA,NA
23240133,4,2,2,Tennis,3,3,1,3,2,2,4,1,2,2,2,2,1,2,2,2,2,0,NA,NA,NA,NA
23240134,3.65,1,2,Track/Cross Country,3,4,1,4,4,4,4,1,4,4,4,4,1,5,5,5,5,1,4,4,4,4
23240135,3.91,2,2,Track/Cross Country,NA,3,0,NA,NA,NA,NA,1,4,4,4,4,1,4,4,4,4,1,4,4,4,4
23240136,2.7,2,2,Track/Cross Country,NA,2,0,NA,NA,NA,NA,1,4,4,4,4,1,4,4,4,4,0,NA,NA,NA,NA
23240137,3.7,1,2,Swimming and Diving,NA,3,0,NA,NA,NA,NA,1,4,4,4,5,1,4,4,4,4,1,5,5,5,5
23240138,3.37,2,2,Swimming and Diving,NA,1,0,NA,NA,NA,NA,1,5,4,4,4,0,NA,NA,NA,NA,0,NA,NA,NA,NA
23240139,3.67,1,2,Ice Hockey,NA,2,0,NA,NA,NA,NA,0,NA,NA,NA,NA,1,2,2,2,2,1,5,4,4,4
23240140,3.92,2,2,Lacrosse,NA,1,0,NA,NA,NA,NA,0,NA,NA,NA,NA,0,NA,NA,NA,NA,1,4,4,5,5
23240141,2.88,1,2,Lacrosse,NA,0,0,NA,NA,NA,NA,0,NA,NA,NA,NA,0,NA,NA,NA,NA,0,NA,NA,NA,NA
23240142,2.29,1,2,Basketball,NA,0,0,NA,NA,NA,NA,0,NA,NA,NA,NA,0,NA,NA,NA,NA,0,NA,NA,NA,NA
23240143,2.62,1,2,Basketball,NA,0,0,NA,NA,NA,NA,0,NA,NA,NA,NA,0,NA,NA,NA,NA,0,NA,NA,NA,NA
